Name,Mean,SD
Redshift,2.703788,0.299145
S_N,8.023025,4.43391
