Name,Mean,SD
Redshift,2.6936474,0.30264592
S_N,6.755575,2.978918
GC_Z,2.4031274,0.27256176
