Name,Mean,SD
Redshift,2.6374722,0.2911604
S_N,8.13332,4.4790683
